,precision,recall,f1-score,support
0,0.836788417242514,1.0,0.9111429595127194,2543.0
1,0.0,0.0,0.0,496.0
accuracy,0.836788417242514,0.836788417242514,0.836788417242514,0.836788417242514
macro avg,0.418394208621257,0.5,0.4555714797563597,3039.0
weighted avg,0.7002148552312316,0.836788417242514,0.7624338749723084,3039.0
